,Unnamed: 0,hotel_name,stars,price,price_for_period,nights_for_price,package,takeoff_airport,link_on_fibula,title_on_trip_advisor,number_bubbles,number_reviews,link
0,0,Sea Garden,2 ѕвезди,€ 958,21 јул. 2023,6 ноќи,Ноќевање со појадок,Skopje Airport,"https://www.fibula.com.mk/charter/egipet/crveno-more/hurgada/sea-garden--41504#departure=2023-07-21&durations=6,7,8,9&productType=Flight&selectedOfferDate=2023-07-21&v=1",Sea Garden Hotel,3 of 5 bubbles,162 reviews,https://www.tripadvisor.com/Hotel_Review-g297549-d610839-Reviews-Sea_Garden_Hotel-Hurghada_Red_Sea_and_Sinai.html#REVIEWS
1,1,Viva Blue Resort & diving sports,4 ѕвезди,€ 1.001,18 јул. 2023,6 ноќи,All inclusive,Skopje Airport,"https://www.fibula.com.mk/charter/egipet/crveno-more/safaga/viva-blue-resort-and-diving-sports--1612869#departure=2023-07-18&durations=6,7,8,9&productType=Flight&selectedOfferDate=2023-07-18&v=1",Viva Blue Resort & Diving Sports,4 of 5 bubbles,143 reviews,https://www.tripadvisor.com/Hotel_Review-g488095-d7002488-Reviews-Viva_Blue_Resort_Diving_Sports-Soma_Bay_Red_Sea_and_Sinai.html#REVIEWS
2,2,Labranda Lemon & Soul Makadi Bay,3 ѕвезди,€ 1.013,18 јул. 2023,6 ноќи,All inclusive,Skopje Airport,"https://www.fibula.com.mk/charter/egipet/crveno-more/makadi-bay/labranda-lemon-and-soul-makadi-bay--214276#departure=2023-07-18&durations=6,7,8,9&productType=Flight&selectedOfferDate=2023-07-18&v=1",Lemon and Soul Makadi Garden,4.5 of 5 bubbles,"1,437 reviews",https://www.tripadvisor.com/Hotel_Review-g297550-d6463385-Reviews-Lemon_and_Soul_Makadi_Garden-Makadi_Bay_Hurghada_Red_Sea_and_Sinai.html#REVIEWS
3,3,Magic Beach,4 ѕвезди,€ 1.028,15 септ. 2023,6 ноќи,Полупансион,Skopje Airport,"https://www.fibula.com.mk/charter/egipet/crveno-more/hurgada/magic-beach--297669#departure=2023-09-15&durations=6,7,8,9&productType=Flight&selectedOfferDate=2023-09-15&v=1",Magic Tulip Beach Resort,4 of 5 bubbles,"3,157 reviews",https://www.tripadvisor.com/Hotel_Review-g311425-d609320-Reviews-Magic_Tulip_Beach_Resort-Marsa_Alam_Red_Sea_and_Sinai.html#REVIEWS
4,4,Zahabia Hotel & Beach Resort,2 ѕвезди,€ 1.037,22 септ. 2023,6 ноќи,Полупансион,Skopje Airport,"https://www.fibula.com.mk/charter/egipet/crveno-more/hurgada/zahabia-hotel-and-beach-resort--233367#departure=2023-09-22&durations=6,7,8,9&productType=Flight&selectedOfferDate=2023-09-22&v=1",Zahabia Hotel & Beach Resort,4 of 5 bubbles,56 reviews,https://www.tripadvisor.com/Hotel_Review-g23408135-d23450372-Reviews-Zahabia_Hotel_Beach_Resort-Second_Hurghada_Hurghada_Red_Sea_and_Sinai.html#REVIEWS
5,5,King Tut Resort,3 ѕвезди,€ 1.040,15 септ. 2023,6 ноќи,All inclusive,Skopje Airport,"https://www.fibula.com.mk/charter/egipet/crveno-more/hurgada/king-tut-resort--712379#departure=2023-09-15&durations=6,7,8,9&productType=Flight&selectedOfferDate=2023-09-15&v=1",King Tut Aqua Park Beach Resort,3.5 of 5 bubbles,609 reviews,https://www.tripadvisor.com/Hotel_Review-g297549-d596365-Reviews-King_Tut_Aqua_Park_Beach_Resort-Hurghada_Red_Sea_and_Sinai.html#REVIEWS
6,6,Minamark Resort,4 ѕвезди,€ 1.040,22 септ. 2023,6 ноќи,All inclusive,Skopje Airport,"https://www.fibula.com.mk/charter/egipet/crveno-more/hurgada/minamark-resort--922189#departure=2023-09-22&durations=6,7,8,9&productType=Flight&selectedOfferDate=2023-09-22&v=1",Minamark Beach Resort,4.5 of 5 bubbles,"3,929 reviews",https://www.tripadvisor.com/Hotel_Review-g297549-d613411-Reviews-Minamark_Beach_Resort-Hurghada_Red_Sea_and_Sinai.html#REVIEWS
7,7,Balina Paradise Abu Soma Resort,4 ѕвезди,€ 1.052,25 авг. 2023,6 ноќи,All inclusive,Skopje Airport,"https://www.fibula.com.mk/charter/egipet/crveno-more/safaga/balina-paradise-abu-soma-resort--147434#departure=2023-08-25&durations=6,7,8,9&productType=Flight&selectedOfferDate=2023-08-25&v=1",Balina Paradise Abu Soma Resort,4.5 of 5 bubbles,796 reviews,https://www.tripadvisor.com/Hotel_Review-g297549-d302297-Reviews-Balina_Paradise_Abu_Soma_Resort-Hurghada_Red_Sea_and_Sinai.html#REVIEWS
8,8,Royal Star Beach Resort,4 ѕвезди,€ 1.052,15 септ. 2023,6 ноќи,All inclusive,Skopje Airport,"https://www.fibula.com.mk/charter/egipet/crveno-more/hurgada/royal-star-beach-resort--671704#departure=2023-09-15&durations=6,7,8,9&productType=Flight&selectedOfferDate=2023-09-15&v=1",Royal Star Beach Resort,4.5 of 5 bubbles,"2,437 reviews",https://www.tripadvisor.com/Hotel_Review-g297549-d6164318-Reviews-Royal_Star_Beach_Resort-Hurghada_Red_Sea_and_Sinai.html#REVIEWS
9,9,Mirage Bay Resort & Aqua Park,"3,5 ѕвезди",€ 1.066,15 септ. 2023,6 ноќи,All inclusive,Skopje Airport,"https://www.fibula.com.mk/charter/egipet/crveno-more/hurgada/mirage-bay-resort-and-aqua-park--238494#departure=2023-09-15&durations=6,7,8,9&productType=Flight&selectedOfferDate=2023-09-15&v=1",Mirage Bay Resort & Aquapark,4 of 5 bubbles,885 reviews,https://www.tripadvisor.com/Hotel_Review-g297549-d638104-Reviews-Mirage_Bay_Resort_Aquapark-Hurghada_Red_Sea_and_Sinai.html#REVIEWS
10,10,Pyramisa Isis Hotel & Suites Luxor,4 ѕвезди,€ 1.066,18 јул. 2023,6 ноќи,Само сместување,Skopje Airport,"https://www.fibula.com.mk/charter/egipet/nile/luxor/pyramisa-isis-hotel-and-suites-luxor--313436#departure=2023-07-18&durations=6,7,8,9&productType=Flight&selectedOfferDate=2023-07-18&v=1",Pyramisa Isis Corniche Hotel,3.5 of 5 bubbles,558 reviews,https://www.tripadvisor.com/Hotel_Review-g294204-d317250-Reviews-Pyramisa_Isis_Corniche_Hotel-Aswan_Aswan_Governorate_Nile_River_Valley.html#REVIEWS
11,11,Lotus Bay Resort,4 ѕвезди,€ 1.066,25 авг. 2023,6 ноќи,All inclusive,Skopje Airport,"https://www.fibula.com.mk/charter/egipet/crveno-more/safaga/lotus-bay-resort--339780#departure=2023-08-25&durations=6,7,8,9&productType=Flight&selectedOfferDate=2023-08-25&v=1",Lotus Bay Hotel,3.5 of 5 bubbles,340 reviews,https://www.tripadvisor.com/Hotel_Review-g297553-d463461-Reviews-Lotus_Bay_Hotel-Safaga_Red_Sea_and_Sinai.html#REVIEWS
12,12,Sphinx Aqua Park Beach Resort,"3,5 ѕвезди",€ 1.066,15 септ. 2023,6 ноќи,All inclusive,Skopje Airport,"https://www.fibula.com.mk/charter/egipet/crveno-more/hurgada/sphinx-aqua-park-beach-resort--737819#departure=2023-09-15&durations=6,7,8,9&productType=Flight&selectedOfferDate=2023-09-15&v=1",Sphinx Aqua Park Beach Resort,3.5 of 5 bubbles,344 reviews,https://www.tripadvisor.com/Hotel_Review-g297549-d1823426-Reviews-Sphinx_Aqua_Park_Beach_Resort-Hurghada_Red_Sea_and_Sinai.html#REVIEWS
13,13,Le Pacha Resort,3 ѕвезди,€ 1.078,22 септ. 2023,6 ноќи,All inclusive,Skopje Airport,"https://www.fibula.com.mk/charter/egipet/crveno-more/hurgada/le-pacha-resort--140374#departure=2023-09-22&durations=6,7,8,9&productType=Flight&selectedOfferDate=2023-09-22&v=1",Le Pacha Resort,3.5 of 5 bubbles,546 reviews,https://www.tripadvisor.com/Hotel_Review-g297549-d737017-Reviews-Le_Pacha_Resort-Hurghada_Red_Sea_and_Sinai.html#REVIEWS
14,14,Blend Elphistone Resort,"4,5 ѕвезди",€ 1.087,15 септ. 2023,6 ноќи,All inclusive,Skopje Airport,"https://www.fibula.com.mk/charter/egipet/crveno-more/marsa-alam/blend-elphistone-resort--164993#departure=2023-09-15&durations=6,7,8,9&productType=Flight&selectedOfferDate=2023-09-15&v=1",Blend Elphistone Resort,4 of 5 bubbles,"2,664 reviews",https://www.tripadvisor.com/Hotel_Review-g311425-d547058-Reviews-Blend_Elphistone_Resort-Marsa_Alam_Red_Sea_and_Sinai.html#REVIEWS
15,15,Bella Vista,4 ѕвезди,€ 1.098,01 авг. 2023,6 ноќи,All inclusive,Skopje Airport,"https://www.fibula.com.mk/charter/egipet/crveno-more/hurgada/bella-vista--297999#departure=2023-08-01&durations=6,7,8,9&productType=Flight&selectedOfferDate=2023-08-01&v=1",Bella Vista Resort Hurghada,4 of 5 bubbles,"1,904 reviews",https://www.tripadvisor.com/Hotel_Review-g297549-d1129935-Reviews-Bella_Vista_Resort_Hurghada-Hurghada_Red_Sea_and_Sinai.html#REVIEWS
16,16,Marlin Inn Azur Resort,"3,5 ѕвезди",€ 1.113,15 септ. 2023,6 ноќи,All inclusive,Skopje Airport,"https://www.fibula.com.mk/charter/egipet/crveno-more/hurgada/marlin-inn-azur-resort--366822#departure=2023-09-15&durations=6,7,8,9&productType=Flight&selectedOfferDate=2023-09-15&v=1",Marlin Inn Azur Resort,4 of 5 bubbles,814 reviews,https://www.tripadvisor.com/Hotel_Review-g297549-d463463-Reviews-Marlin_Inn_Azur_Resort-Hurghada_Red_Sea_and_Sinai.html#REVIEWS
17,17,TIA Heights Makadi Bay,5 ѕвезди,€ 1.113,15 септ. 2023,6 ноќи,All inclusive,Skopje Airport,"https://www.fibula.com.mk/charter/egipet/crveno-more/makadi-bay/tia-heights-makadi-bay--415688#departure=2023-09-15&durations=6,7,8,9&productType=Flight&selectedOfferDate=2023-09-15&v=1",Tia Heights Makadi Bay,3.5 of 5 bubbles,"2,729 reviews",https://www.tripadvisor.com/Hotel_Review-g297550-d302607-Reviews-Tia_Heights_Makadi_Bay-Makadi_Bay_Hurghada_Red_Sea_and_Sinai.html#REVIEWS
18,18,Pharaoh Azur Resort,5 ѕвезди,€ 1.113,22 септ. 2023,6 ноќи,All inclusive,Skopje Airport,"https://www.fibula.com.mk/charter/egipet/crveno-more/hurgada/pharaoh-azur-resort--678792#departure=2023-09-22&durations=6,7,8,9&productType=Flight&selectedOfferDate=2023-09-22&v=1",Pharaoh Azur Resort,4.5 of 5 bubbles,"1,307 reviews",https://www.tripadvisor.com/Hotel_Review-g297549-d13532217-Reviews-Pharaoh_Azur_Resort-Hurghada_Red_Sea_and_Sinai.html#REVIEWS
19,19,The Three Corners Equinox Beach Resort,4 ѕвезди,€ 1.113,01 септ. 2023,6 ноќи,All inclusive,Skopje Airport,"https://www.fibula.com.mk/charter/egipet/crveno-more/marsa-alam/the-three-corners-equinox-beach-resort--736023#departure=2023-09-01&durations=6,7,8,9&productType=Flight&selectedOfferDate=2023-09-01&v=1",The Three Corners Equinox Beach Resort,4.5 of 5 bubbles,"3,125 reviews",https://www.tripadvisor.com/Hotel_Review-g311425-d7186223-Reviews-The_Three_Corners_Equinox_Beach_Resort-Marsa_Alam_Red_Sea_and_Sinai.html#REVIEWS
20,20,Seagull Beach Resort,4 ѕвезди,€ 1.124,15 септ. 2023,6 ноќи,All inclusive,Skopje Airport,"https://www.fibula.com.mk/charter/egipet/crveno-more/hurgada/seagull-beach-resort--24953#departure=2023-09-15&durations=6,7,8,9&productType=Flight&selectedOfferDate=2023-09-15&v=1",SeaGull Beach Resort,4 of 5 bubbles,"3,296 reviews",https://www.tripadvisor.com/Hotel_Review-g297549-d302797-Reviews-SeaGull_Beach_Resort-Hurghada_Red_Sea_and_Sinai.html#REVIEWS
21,21,Sunny Days Resort - Mirette Resort & SPA,3 ѕвезди,€ 1.136,21 јул. 2023,6 ноќи,All inclusive,Skopje Airport,"https://www.fibula.com.mk/charter/egipet/crveno-more/hurgada/sunny-days-resort-mirette-resort-and-spa--911112#departure=2023-07-21&durations=6,7,8,9&productType=Flight&selectedOfferDate=2023-07-21&v=1",Sunny Days Mirette Family Resort & SPA,3.5 of 5 bubbles,97 reviews,https://www.tripadvisor.com/Hotel_Review-g297549-d3747920-Reviews-Sunny_Days_Mirette_Family_Resort_SPA-Hurghada_Red_Sea_and_Sinai.html#REVIEWS
22,22,Flamenco Beach & Resort Quseir,3 ѕвезди,€ 1.138,15 септ. 2023,6 ноќи,All inclusive,Skopje Airport,"https://www.fibula.com.mk/charter/egipet/crveno-more/el-qoseir/flamenco-beach-and-resort-quseir--488166#departure=2023-09-15&durations=6,7,8,9&productType=Flight&selectedOfferDate=2023-09-15&v=1",Flamenco Beach & Resort,4 of 5 bubbles,955 reviews,https://www.tripadvisor.com/Hotel_Review-g488096-d504771-Reviews-Flamenco_Beach_Resort-El_Quseir_Marsa_Alam_Red_Sea_and_Sinai.html#REVIEWS
23,23,The Three Corners Sunny Beach Resort,4 ѕвезди,€ 1.138,15 септ. 2023,6 ноќи,All inclusive,Skopje Airport,"https://www.fibula.com.mk/charter/egipet/crveno-more/hurgada/the-three-corners-sunny-beach-resort--742928#departure=2023-09-15&durations=6,7,8,9&productType=Flight&selectedOfferDate=2023-09-15&v=1",The Three Corners Sunny Beach Resort,4.5 of 5 bubbles,"5,264 reviews",https://www.tripadvisor.com/Hotel_Review-g297549-d1228530-Reviews-The_Three_Corners_Sunny_Beach_Resort-Hurghada_Red_Sea_and_Sinai.html#REVIEWS
24,24,Jasmine Palace Resort,"4,5 ѕвезди",€ 1.138,15 септ. 2023,6 ноќи,All inclusive,Skopje Airport,"https://www.fibula.com.mk/charter/egipet/crveno-more/hurgada/jasmine-palace-resort--792073#departure=2023-09-15&durations=6,7,8,9&productType=Flight&selectedOfferDate=2023-09-15&v=1",Jasmine Palace Resort & Spa,4 of 5 bubbles,"5,116 reviews",https://www.tripadvisor.com/Hotel_Review-g297549-d6495343-Reviews-Jasmine_Palace_Resort_Spa-Hurghada_Red_Sea_and_Sinai.html#REVIEWS
25,25,Sea Star Beau Rivage Hotel,4 ѕвезди,€ 1.150,22 септ. 2023,6 ноќи,All inclusive,Skopje Airport,"https://www.fibula.com.mk/charter/egipet/crveno-more/hurgada/sea-star-beau-rivage-hotel--940884#departure=2023-09-22&durations=6,7,8,9&productType=Flight&selectedOfferDate=2023-09-22&v=1",Sea Star Beau Rivage,4.5 of 5 bubbles,"2,872 reviews",https://www.tripadvisor.com/Hotel_Review-g297549-d316684-Reviews-Sea_Star_Beau_Rivage-Hurghada_Red_Sea_and_Sinai.html#REVIEWS
26,26,Giftun Azur Resort,3 ѕвезди,€ 1.164,25 јул. 2023,6 ноќи,All inclusive,Skopje Airport,"https://www.fibula.com.mk/charter/egipet/crveno-more/hurgada/giftun-azur-resort--411089#departure=2023-07-25&durations=6,7,8,9&productType=Flight&selectedOfferDate=2023-07-25&v=1",Giftun Azur Resort,4 of 5 bubbles,"1,129 reviews",https://www.tripadvisor.com/Hotel_Review-g297549-d627609-Reviews-Giftun_Azur_Resort-Hurghada_Red_Sea_and_Sinai.html#REVIEWS
27,27,AMC Royal Hotel & Spa,5 ѕвезди,€ 1.164,15 септ. 2023,6 ноќи,All inclusive,Skopje Airport,"https://www.fibula.com.mk/charter/egipet/crveno-more/hurgada/amc-royal-hotel-and-spa--432623#departure=2023-09-15&durations=6,7,8,9&productType=Flight&selectedOfferDate=2023-09-15&v=1",AMC Royal Hotel & Spa,4.5 of 5 bubbles,"2,013 reviews",https://www.tripadvisor.com/Hotel_Review-g297549-d4873377-Reviews-AMC_Royal_Hotel_Spa-Hurghada_Red_Sea_and_Sinai.html#REVIEWS
28,28,Aladdin Beach Resort,3 ѕвезди,€ 1.164,25 авг. 2023,6 ноќи,All inclusive,Skopje Airport,"https://www.fibula.com.mk/charter/egipet/crveno-more/hurgada/aladdin-beach-resort--561881#departure=2023-08-25&durations=6,7,8,9&productType=Flight&selectedOfferDate=2023-08-25&v=1",Aladdin Beach Resort,4 of 5 bubbles,"1,576 reviews",https://www.tripadvisor.com/Hotel_Review-g297549-d316672-Reviews-Aladdin_Beach_Resort-Hurghada_Red_Sea_and_Sinai.html#REVIEWS
29,29,Shams Safaga Resort,4 ѕвезди,€ 1.164,15 септ. 2023,6 ноќи,All inclusive,Skopje Airport,"https://www.fibula.com.mk/charter/egipet/crveno-more/safaga/shams-safaga-resort--790201#departure=2023-09-15&durations=6,7,8,9&productType=Flight&selectedOfferDate=2023-09-15&v=1",Shams Safaga Resort,4 of 5 bubbles,606 reviews,https://www.tripadvisor.com/Hotel_Review-g297553-d464237-Reviews-Shams_Safaga_Resort-Safaga_Red_Sea_and_Sinai.html#REVIEWS
30,30,Three Corners Happy Life Beach Resort,4 ѕвезди,€ 1.176,15 септ. 2023,6 ноќи,All inclusive,Skopje Airport,"https://www.fibula.com.mk/charter/egipet/crveno-more/marsa-alam/three-corners-happy-life-beach-resort--419675#departure=2023-09-15&durations=6,7,8,9&productType=Flight&selectedOfferDate=2023-09-15&v=1",The Three Corners Happy Life Beach Resort,4.5 of 5 bubbles,"3,681 reviews",https://www.tripadvisor.com/Hotel_Review-g311425-d2533960-Reviews-The_Three_Corners_Happy_Life_Beach_Resort-Marsa_Alam_Red_Sea_and_Sinai.html#REVIEWS
31,31,The Three Corners Sea Beach Resort,4 ѕвезди,€ 1.176,15 септ. 2023,6 ноќи,All inclusive,Skopje Airport,"https://www.fibula.com.mk/charter/egipet/crveno-more/port-ghalib/the-three-corners-sea-beach-resort--670137#departure=2023-09-15&durations=6,7,8,9&productType=Flight&selectedOfferDate=2023-09-15&v=1",Sea Beach Aqua Park Resort Managed By Blue Resorts,4.5 of 5 bubbles,"3,144 reviews",https://www.tripadvisor.com/Hotel_Review-g303855-d1109585-Reviews-Sea_Beach_Aqua_Park_Resort_Managed_By_Blue_Resorts-Nabq_Bay_Sharm_El_Sheikh_South_Sina.html#REVIEWS
32,32,Palm Beach Resort,4 ѕвезди,€ 1.176,15 септ. 2023,6 ноќи,All inclusive,Skopje Airport,"https://www.fibula.com.mk/charter/egipet/crveno-more/hurgada/palm-beach-resort--823861#departure=2023-09-15&durations=6,7,8,9&productType=Flight&selectedOfferDate=2023-09-15&v=1",Palm Beach Resort,4 of 5 bubbles,"1,643 reviews",https://www.tripadvisor.com/Hotel_Review-g297549-d316679-Reviews-Palm_Beach_Resort-Hurghada_Red_Sea_and_Sinai.html#REVIEWS
33,33,Aurora Bay Resort Marsa Alam,4 ѕвезди,€ 1.188,21 јул. 2023,6 ноќи,All inclusive,Skopje Airport,"https://www.fibula.com.mk/charter/egipet/crveno-more/marsa-alam/aurora-bay-resort-marsa-alam--107809#departure=2023-07-21&durations=6,7,8,9&productType=Flight&selectedOfferDate=2023-07-21&v=1",Aurora Bay Resort Marsa Alam,4 of 5 bubbles,"2,252 reviews",https://www.tripadvisor.com/Hotel_Review-g311425-d2260803-Reviews-Aurora_Bay_Resort_Marsa_Alam-Marsa_Alam_Red_Sea_and_Sinai.html#REVIEWS
34,34,Titanic Resort & Aquapark,4 ѕвезди,€ 1.200,22 септ. 2023,6 ноќи,All inclusive,Skopje Airport,"https://www.fibula.com.mk/charter/egipet/crveno-more/hurgada/titanic-resort-and-aquapark--192859#departure=2023-09-22&durations=6,7,8,9&productType=Flight&selectedOfferDate=2023-09-22&v=1",Titanic Resort & Aqua Park,4.5 of 5 bubbles,"3,298 reviews",https://www.tripadvisor.com/Hotel_Review-g297549-d1221606-Reviews-Titanic_Resort_Aqua_Park-Hurghada_Red_Sea_and_Sinai.html#REVIEWS
35,35,Stella Gardens Resort & Spa,5 ѕвезди,€ 1.202,15 септ. 2023,6 ноќи,All inclusive,Skopje Airport,"https://www.fibula.com.mk/charter/egipet/crveno-more/makadi-bay/stella-gardens-resort-and-spa--469680#departure=2023-09-15&durations=6,7,8,9&productType=Flight&selectedOfferDate=2023-09-15&v=1",Stella Gardens Resort & Spa,4.5 of 5 bubbles,"1,342 reviews",https://www.tripadvisor.com/Hotel_Review-g297550-d10045396-Reviews-Stella_Gardens_Resort_Spa-Makadi_Bay_Hurghada_Red_Sea_and_Sinai.html#REVIEWS
36,36,Hurghada Long Beach Resort,4 ѕвезди,€ 1.202,15 септ. 2023,6 ноќи,All inclusive,Skopje Airport,"https://www.fibula.com.mk/charter/egipet/crveno-more/hurgada/hurghada-long-beach-resort--871697#departure=2023-09-15&durations=6,7,8,9&productType=Flight&selectedOfferDate=2023-09-15&v=1",Hurghada Long Beach Resort,4.5 of 5 bubbles,"5,698 reviews",https://www.tripadvisor.com/Hotel_Review-g297549-d301992-Reviews-Hurghada_Long_Beach_Resort-Hurghada_Red_Sea_and_Sinai.html#REVIEWS
37,37,Bel Air Azur Resort,3 ѕвезди,€ 1.214,12 септ. 2023,6 ноќи,All inclusive,Skopje Airport,"https://www.fibula.com.mk/charter/egipet/crveno-more/hurgada/bel-air-azur-resort--201929#departure=2023-09-12&durations=6,7,8,9&productType=Flight&selectedOfferDate=2023-09-12&v=1",Bel Air Azur Resort,4.5 of 5 bubbles,976 reviews,https://www.tripadvisor.com/Hotel_Review-g297549-d627555-Reviews-Bel_Air_Azur_Resort-Hurghada_Red_Sea_and_Sinai.html#REVIEWS
38,38,Mercure Hurghada Hotel,4 ѕвезди,€ 1.214,15 септ. 2023,6 ноќи,All inclusive,Skopje Airport,"https://www.fibula.com.mk/charter/egipet/crveno-more/hurgada/mercure-hurghada-hotel--772382#departure=2023-09-15&durations=6,7,8,9&productType=Flight&selectedOfferDate=2023-09-15&v=1",Mercure Hurghada Hotel,4.5 of 5 bubbles,"6,692 reviews",https://www.tripadvisor.com/Hotel_Review-g297549-d299638-Reviews-Mercure_Hurghada_Hotel-Hurghada_Red_Sea_and_Sinai.html#REVIEWS
39,39,Coral Sun Beach Safaga,4 ѕвезди,€ 1.214,29 авг. 2023,6 ноќи,Полупансион,Skopje Airport,"https://www.fibula.com.mk/charter/egipet/crveno-more/safaga/coral-sun-beach-safaga--1614576#departure=2023-08-29&durations=6,7,8,9&productType=Flight&selectedOfferDate=2023-08-29&v=1",Coral Sun Beach Safaga,4 of 5 bubbles,304 reviews,https://www.tripadvisor.com/Hotel_Review-g297553-d2023306-Reviews-Coral_Sun_Beach_Safaga-Safaga_Red_Sea_and_Sinai.html#REVIEWS
40,40,Pickalbatros Sands Port Ghalib,5 ѕвезди,€ 1.228,15 септ. 2023,6 ноќи,All inclusive,Skopje Airport,"https://www.fibula.com.mk/charter/egipet/crveno-more/port-ghalib/pickalbatros-sands-port-ghalib--210194#departure=2023-09-15&durations=6,7,8,9&productType=Flight&selectedOfferDate=2023-09-15&v=1",Pickalbatros Sands Port Ghalib,4.5 of 5 bubbles,"2,702 reviews",https://www.tripadvisor.com/Hotel_Review-g10837810-d1204485-Reviews-Pickalbatros_Sands_Port_Ghalib-Port_Ghalib_Red_Sea_and_Sinai.html#REVIEWS
41,41,Hotelux Marina Beach Hurghada,"4,5 ѕвезди",€ 1.228,15 септ. 2023,6 ноќи,All inclusive,Skopje Airport,"https://www.fibula.com.mk/charter/egipet/crveno-more/hurgada/hotelux-marina-beach-hurghada--358178#departure=2023-09-15&durations=6,7,8,9&productType=Flight&selectedOfferDate=2023-09-15&v=1",Hotelux Marina Beach Resort,4 of 5 bubbles,758 reviews,https://www.tripadvisor.com/Hotel_Review-g297549-d584250-Reviews-Hotelux_Marina_Beach_Resort-Hurghada_Red_Sea_and_Sinai.html#REVIEWS
42,42,Pickalbatros Oasis Port Ghalib,5 ѕвезди,€ 1.228,15 септ. 2023,6 ноќи,All inclusive,Skopje Airport,"https://www.fibula.com.mk/charter/egipet/crveno-more/port-ghalib/pickalbatros-oasis-port-ghalib--873003#departure=2023-09-15&durations=6,7,8,9&productType=Flight&selectedOfferDate=2023-09-15&v=1",Pickalbatros Oasis Port Ghalib,4.5 of 5 bubbles,"2,236 reviews",https://www.tripadvisor.com/Hotel_Review-g10837810-d1212536-Reviews-Pickalbatros_Oasis_Port_Ghalib-Port_Ghalib_Red_Sea_and_Sinai.html#REVIEWS
43,43,Titanic Beach Spa & Aqua Park,5 ѕвезди,€ 1.238,22 септ. 2023,6 ноќи,All inclusive,Skopje Airport,"https://www.fibula.com.mk/charter/egipet/crveno-more/hurgada/titanic-beach-spa-and-aqua-park--151882#departure=2023-09-22&durations=6,7,8,9&productType=Flight&selectedOfferDate=2023-09-22&v=1",Titanic Beach Spa & Aqua Park,4 of 5 bubbles,"5,088 reviews",https://www.tripadvisor.com/Hotel_Review-g297549-d583951-Reviews-Titanic_Beach_Spa_Aqua_Park-Hurghada_Red_Sea_and_Sinai.html#REVIEWS
44,44,Cook's Club El Gouna,3 ѕвезди,€ 1.240,18 јул. 2023,6 ноќи,Ноќевање со појадок,Skopje Airport,"https://www.fibula.com.mk/charter/egipet/crveno-more/el-gouna/cooks-club-el-gouna--270707#departure=2023-07-18&durations=6,7,8,9&productType=Flight&selectedOfferDate=2023-07-18&v=1",Cook's Club El Gouna,4.5 of 5 bubbles,404 reviews,https://www.tripadvisor.com/Hotel_Review-g297548-d611054-Reviews-Cook_s_Club_El_Gouna-El_Gouna_Hurghada_Red_Sea_and_Sinai.html#REVIEWS
45,45,Nubia Aqua Beach Resort,"3,5 ѕвезди",€ 1.240,15 септ. 2023,6 ноќи,All inclusive,Skopje Airport,"https://www.fibula.com.mk/charter/egipet/crveno-more/hurgada/nubia-aqua-beach-resort--670818#departure=2023-09-15&durations=6,7,8,9&productType=Flight&selectedOfferDate=2023-09-15&v=1",Nubia Aqua Beach Resort,4.5 of 5 bubbles,"2,888 reviews",https://www.tripadvisor.com/Hotel_Review-g297549-d5123245-Reviews-Nubia_Aqua_Beach_Resort-Hurghada_Red_Sea_and_Sinai.html#REVIEWS
46,46,Gravity Hotel & Aqua Park Hurghada,4 ѕвезди,€ 1.240,15 септ. 2023,6 ноќи,All inclusive,Skopje Airport,"https://www.fibula.com.mk/charter/egipet/crveno-more/hurgada/gravity-hotel-and-aqua-park-hurghada--1646906#departure=2023-09-15&durations=6,7,8,9&productType=Flight&selectedOfferDate=2023-09-15&v=1",Gravity Hotel & Aqua Park Hurghada,4.5 of 5 bubbles,"1,597 reviews",https://www.tripadvisor.com/Hotel_Review-g297549-d11915757-Reviews-Gravity_Hotel_Aqua_Park_Hurghada-Hurghada_Red_Sea_and_Sinai.html#REVIEWS
47,47,Concorde Moreen Beach Resort,5 ѕвезди,€ 1.252,15 септ. 2023,6 ноќи,All inclusive,Skopje Airport,"https://www.fibula.com.mk/charter/egipet/crveno-more/marsa-alam/concorde-moreen-beach-resort--207026#departure=2023-09-15&durations=6,7,8,9&productType=Flight&selectedOfferDate=2023-09-15&v=1",Concorde Moreen Beach Resort & Spa,4.5 of 5 bubbles,"4,609 reviews",https://www.tripadvisor.com/Hotel_Review-g311425-d3154994-Reviews-Concorde_Moreen_Beach_Resort_Spa-Marsa_Alam_Red_Sea_and_Sinai.html#REVIEWS
48,48,Imperial Shams Abu Soma,4 ѕвезди,€ 1.254,15 септ. 2023,6 ноќи,All inclusive,Skopje Airport,"https://www.fibula.com.mk/charter/egipet/crveno-more/safaga/imperial-shams-abu-soma--475542#departure=2023-09-15&durations=6,7,8,9&productType=Flight&selectedOfferDate=2023-09-15&v=1",Imperial Shams Abu Soma,4 of 5 bubbles,629 reviews,https://www.tripadvisor.com/Hotel_Review-g297549-d1541260-Reviews-Imperial_Shams_Abu_Soma-Hurghada_Red_Sea_and_Sinai.html#REVIEWS
49,49,Hotel Sultan Bey Resort,4 ѕвезди,€ 1.256,18 авг. 2023,6 ноќи,All inclusive,Skopje Airport,"https://www.fibula.com.mk/charter/egipet/crveno-more/el-gouna/hotel-sultan-bey-resort--445692#departure=2023-08-18&durations=6,7,8,9&productType=Flight&selectedOfferDate=2023-08-18&v=1",Sultan Bey Hotel,4.5 of 5 bubbles,"1,534 reviews",https://www.tripadvisor.com/Hotel_Review-g297548-d317242-Reviews-Sultan_Bey_Hotel-El_Gouna_Hurghada_Red_Sea_and_Sinai.html#REVIEWS
50,50,LABRANDA Club Makadi,4 ѕвезди,€ 1.266,18 авг. 2023,6 ноќи,All inclusive,Skopje Airport,"https://www.fibula.com.mk/charter/egipet/crveno-more/makadi-bay/labranda-club-makadi--362199#departure=2023-08-18&durations=6,7,8,9&productType=Flight&selectedOfferDate=2023-08-18&v=1",Labranda Club Makadi,4.5 of 5 bubbles,"3,085 reviews",https://www.tripadvisor.com/Hotel_Review-g297550-d651120-Reviews-Labranda_Club_Makadi-Makadi_Bay_Hurghada_Red_Sea_and_Sinai.html#REVIEWS
51,51,Sentido Casa Del Mar Resort,4 ѕвезди,€ 1.266,15 авг. 2023,6 ноќи,All inclusive,Skopje Airport,"https://www.fibula.com.mk/charter/egipet/crveno-more/hurgada/sentido-casa-del-mar-resort--819757#departure=2023-08-15&durations=6,7,8,9&productType=Flight&selectedOfferDate=2023-08-15&v=1",Sentido Casa Del Mar Resort,5 of 5 bubbles,"1,330 reviews",https://www.tripadvisor.com/Hotel_Review-g297549-d629115-Reviews-Sentido_Casa_Del_Mar_Resort-Hurghada_Red_Sea_and_Sinai.html#REVIEWS
52,52,ZYA Regina Resort & Aqua Park,4 ѕвезди,€ 1.266,15 септ. 2023,6 ноќи,Ноќевање со појадок,Skopje Airport,"https://www.fibula.com.mk/charter/egipet/crveno-more/hurgada/zya-regina-resort-and-aqua-park--848241#departure=2023-09-15&durations=6,7,8,9&productType=Flight&selectedOfferDate=2023-09-15&v=1",ZYA Regina Resort and Aqua Park Hurghada,4 of 5 bubbles,"1,728 reviews",https://www.tripadvisor.com/Hotel_Review-g297549-d316682-Reviews-ZYA_Regina_Resort_and_Aqua_Park_Hurghada-Hurghada_Red_Sea_and_Sinai.html#REVIEWS
53,53,Sindbad Club,4 ѕвезди,€ 1.282,15 септ. 2023,6 ноќи,All inclusive,Skopje Airport,"https://www.fibula.com.mk/charter/egipet/crveno-more/hurgada/sindbad-club--1752033#departure=2023-09-15&durations=6,7,8,9&productType=Flight&selectedOfferDate=2023-09-15&v=1",Sindbad Club,4.5 of 5 bubbles,"5,539 reviews",https://www.tripadvisor.com/Hotel_Review-g297549-d12260155-Reviews-Sindbad_Club-Hurghada_Red_Sea_and_Sinai.html#REVIEWS
54,54,Stella Di Mare Beach Resort & Spa,4 ѕвезди,€ 1.292,15 септ. 2023,6 ноќи,All inclusive,Skopje Airport,"https://www.fibula.com.mk/charter/egipet/crveno-more/makadi-bay/stella-di-mare-beach-resort-and-spa--214249#departure=2023-09-15&durations=6,7,8,9&productType=Flight&selectedOfferDate=2023-09-15&v=1",Stella Beach Resort & Spa,4.5 of 5 bubbles,"5,223 reviews",https://www.tripadvisor.com/Hotel_Review-g297550-d1460445-Reviews-Stella_Beach_Resort_Spa-Makadi_Bay_Hurghada_Red_Sea_and_Sinai.html#REVIEWS
55,55,Old Palace Resort Sahl Hasheesh,5 ѕвезди,€ 1.292,15 септ. 2023,6 ноќи,All inclusive plus/ultra,Skopje Airport,"https://www.fibula.com.mk/charter/egipet/crveno-more/sahl-hasheesh/old-palace-resort-sahl-hasheesh--666699#departure=2023-09-15&durations=6,7,8,9&productType=Flight&selectedOfferDate=2023-09-15&v=1",Baron Palace Sahl Hasheesh,5 of 5 bubbles,"6,815 reviews",https://www.tripadvisor.com/Hotel_Review-g15516847-d6510502-Reviews-Baron_Palace_Sahl_Hasheesh-Sahl_Hasheesh_Hurghada_Red_Sea_and_Sinai.html#REVIEWS
56,56,Arabella Azur Resort,4 ѕвезди,€ 1.292,12 септ. 2023,6 ноќи,All inclusive,Skopje Airport,"https://www.fibula.com.mk/charter/egipet/crveno-more/hurgada/arabella-azur-resort--687296#departure=2023-09-12&durations=6,7,8,9&productType=Flight&selectedOfferDate=2023-09-12&v=1",Arabella Azur Resort,4.5 of 5 bubbles,"1,532 reviews",https://www.tripadvisor.com/Hotel_Review-g297549-d652945-Reviews-Arabella_Azur_Resort-Hurghada_Red_Sea_and_Sinai.html#REVIEWS
57,57,Pyramisa Beach Resort Sahl Hasheesh,5 ѕвезди,€ 1.306,08 септ. 2023,6 ноќи,All inclusive,Skopje Airport,"https://www.fibula.com.mk/charter/egipet/crveno-more/sahl-hasheesh/pyramisa-beach-resort-sahl-hasheesh--290836#departure=2023-09-08&durations=6,7,8,9&productType=Flight&selectedOfferDate=2023-09-08&v=1",Pyramisa Beach Resort Sahl Hasheesh,4 of 5 bubbles,"2,551 reviews",https://www.tripadvisor.com/Hotel_Review-g297549-d739270-Reviews-Pyramisa_Beach_Resort_Sahl_Hasheesh-Hurghada_Red_Sea_and_Sinai.html#REVIEWS
58,58,Steigenberger Makadi,5 ѕвезди,€ 1.306,28 јул. 2023,6 ноќи,Полупансион,Skopje Airport,"https://www.fibula.com.mk/charter/egipet/crveno-more/makadi-bay/steigenberger-makadi--414364#departure=2023-07-28&durations=6,7,8,9&productType=Flight&selectedOfferDate=2023-07-28&v=1",Steigenberger Makadi,5 of 5 bubbles,"2,279 reviews",https://www.tripadvisor.com/Hotel_Review-g297550-d1142494-Reviews-Steigenberger_Makadi-Makadi_Bay_Hurghada_Red_Sea_and_Sinai.html#REVIEWS
59,59,Steigenberger Aqua Magic Red Sea,5 ѕвезди,€ 1.306,22 септ. 2023,6 ноќи,All inclusive,Skopje Airport,"https://www.fibula.com.mk/charter/egipet/crveno-more/hurgada/steigenberger-aqua-magic-red-sea--493320#departure=2023-09-22&durations=6,7,8,9&productType=Flight&selectedOfferDate=2023-09-22&v=1",Steigenberger Aqua Magic,4.5 of 5 bubbles,"8,321 reviews",https://www.tripadvisor.com/Hotel_Review-g297549-d1049226-Reviews-Steigenberger_Aqua_Magic-Hurghada_Red_Sea_and_Sinai.html#REVIEWS
60,60,Gravity Sahl Hasheesh & Aqua Park Hurghada,5 ѕвезди,€ 1.306,15 септ. 2023,6 ноќи,All inclusive,Skopje Airport,"https://www.fibula.com.mk/charter/egipet/crveno-more/sahl-hasheesh/gravity-sahl-hasheesh-and-aqua-park-hurghada--1765184#departure=2023-09-15&durations=6,7,8,9&productType=Flight&selectedOfferDate=2023-09-15&v=1",Gravity Hotel Sahl Hasheesh,4.5 of 5 bubbles,"2,117 reviews",https://www.tripadvisor.com/Hotel_Review-g297549-d17511765-Reviews-Gravity_Hotel_Sahl_Hasheesh-Hurghada_Red_Sea_and_Sinai.html#REVIEWS
61,61,Golden Beach Resort,4 ѕвезди,€ 1.308,01 септ. 2023,6 ноќи,All inclusive plus/ultra,Skopje Airport,"https://www.fibula.com.mk/charter/egipet/crveno-more/hurgada/golden-beach-resort--14228#departure=2023-09-01&durations=6,7,8,9&productType=Flight&selectedOfferDate=2023-09-01&v=1",Golden Beach Resort,4 of 5 bubbles,"1,058 reviews",https://www.tripadvisor.com/Hotel_Review-g297549-d594626-Reviews-Golden_Beach_Resort-Hurghada_Red_Sea_and_Sinai.html#REVIEWS
62,62,Caves Beach Resort,5 ѕвезди,€ 1.308,15 септ. 2023,6 ноќи,All inclusive,Skopje Airport,"https://www.fibula.com.mk/charter/egipet/crveno-more/hurgada/caves-beach-resort--604026#departure=2023-09-15&durations=6,7,8,9&productType=Flight&selectedOfferDate=2023-09-15&v=1",Caves Beach Resort Hurghada,4.5 of 5 bubbles,"1,436 reviews",https://www.tripadvisor.com/Hotel_Review-g297549-d8544475-Reviews-Caves_Beach_Resort_Hurghada-Hurghada_Red_Sea_and_Sinai.html#REVIEWS
63,63,Titanic Palace,5 ѕвезди,€ 1.313,22 септ. 2023,6 ноќи,All inclusive plus/ultra,Skopje Airport,"https://www.fibula.com.mk/charter/egipet/crveno-more/hurgada/titanic-palace--30130#departure=2023-09-22&durations=6,7,8,9&productType=Flight&selectedOfferDate=2023-09-22&v=1",Titanic Palace,4.5 of 5 bubbles,"4,921 reviews",https://www.tripadvisor.com/Hotel_Review-g297549-d2206878-Reviews-Titanic_Palace-Hurghada_Red_Sea_and_Sinai.html#REVIEWS
64,64,Tivoli Hotel Aqua Park,3 ѕвезди,€ 1.316,16 септ. 2023,6 ноќи,All inclusive,Skopje Airport,"https://www.fibula.com.mk/charter/egipet/sinai-peninsula/sharm-el-sheikh/tivoli-hotel-aqua-park--978047#departure=2023-09-16&durations=6,7,8,9&productType=Flight&selectedOfferDate=2023-09-16&v=1",Tivoli Hotel Aqua Park,4.5 of 5 bubbles,657 reviews,https://www.tripadvisor.com/Hotel_Review-g297555-d317260-Reviews-Tivoli_Hotel_Aqua_Park-Sharm_El_Sheikh_South_Sinai_Red_Sea_and_Sinai.html#REVIEWS
65,65,Jaz Dar El Madina,4 ѕвезди,€ 1.317,05 септ. 2023,6 ноќи,All inclusive,Skopje Airport,"https://www.fibula.com.mk/charter/egipet/crveno-more/port-ghalib/jaz-dar-el-madina--894004#departure=2023-09-05&durations=6,7,8,9&productType=Flight&selectedOfferDate=2023-09-05&v=1",Jaz Dar El Madina,4.5 of 5 bubbles,"2,560 reviews",https://www.tripadvisor.com/Hotel_Review-g311425-d1160095-Reviews-Jaz_Dar_El_Madina-Marsa_Alam_Red_Sea_and_Sinai.html#REVIEWS
66,66,Arabia Azur Resort,4 ѕвезди,€ 1.322,29 авг. 2023,6 ноќи,All inclusive,Skopje Airport,"https://www.fibula.com.mk/charter/egipet/crveno-more/hurgada/arabia-azur-resort--611746#departure=2023-08-29&durations=6,7,8,9&productType=Flight&selectedOfferDate=2023-08-29&v=1",Arabia Azur Resort,4.5 of 5 bubbles,"2,212 reviews",https://www.tripadvisor.com/Hotel_Review-g297549-d651119-Reviews-Arabia_Azur_Resort-Hurghada_Red_Sea_and_Sinai.html#REVIEWS
67,67,Pickalbatros Palace Port Ghalib,5 ѕвезди,€ 1.322,01 септ. 2023,6 ноќи,All inclusive,Skopje Airport,"https://www.fibula.com.mk/charter/egipet/crveno-more/port-ghalib/pickalbatros-palace-port-ghalib--712997#departure=2023-09-01&durations=6,7,8,9&productType=Flight&selectedOfferDate=2023-09-01&v=1",The Palace Port Ghalib,4.5 of 5 bubbles,204 reviews,https://www.tripadvisor.com/Attraction_Review-g311425-d2703848-Reviews-The_Palace_Port_Ghalib-Marsa_Alam_Red_Sea_and_Sinai.html#REVIEWS
68,68,SUNRISE Aqua Joy Resort,4 ѕвезди,€ 1.326,15 септ. 2023,6 ноќи,All inclusive,Skopje Airport,"https://www.fibula.com.mk/charter/egipet/crveno-more/hurgada/sunrise-aqua-joy-resort--84471#departure=2023-09-15&durations=6,7,8,9&productType=Flight&selectedOfferDate=2023-09-15&v=1",SUNRISE Aqua Joy Resort,4.5 of 5 bubbles,"2,473 reviews",https://www.tripadvisor.com/Hotel_Review-g297549-d19306665-Reviews-SUNRISE_Aqua_Joy_Resort-Hurghada_Red_Sea_and_Sinai.html#REVIEWS
69,69,Sunny Days Resort Spa & Aqua Park,4 ѕвезди,€ 1.333,25 авг. 2023,6 ноќи,All inclusive,Skopje Airport,"https://www.fibula.com.mk/charter/egipet/crveno-more/hurgada/sunny-days-resort-spa-and-aqua-park--1775484#departure=2023-08-25&durations=6,7,8,9&productType=Flight&selectedOfferDate=2023-08-25&v=1","Sunny Days Resort, Spa & Aqua Park",4 of 5 bubbles,"1,868 reviews",https://www.tripadvisor.com/Hotel_Review-g297549-d626014-Reviews-Sunny_Days_Resort_Spa_Aqua_Park-Hurghada_Red_Sea_and_Sinai.html#REVIEWS
70,70,Labranda Club Paradisio El Gouna,4 ѕвезди,€ 1.345,01 авг. 2023,6 ноќи,All inclusive,Skopje Airport,"https://www.fibula.com.mk/charter/egipet/crveno-more/el-gouna/labranda-club-paradisio-el-gouna--6094#departure=2023-08-01&durations=6,7,8,9&productType=Flight&selectedOfferDate=2023-08-01&v=1","Club Paradisio El Gouna, Red Sea",4.5 of 5 bubbles,"2,120 reviews",https://www.tripadvisor.com/Hotel_Review-g297548-d668305-Reviews-Club_Paradisio_El_Gouna_Red_Sea-El_Gouna_Hurghada_Red_Sea_and_Sinai.html#REVIEWS
71,71,Sunny Days Resort Spa & Aquapark,4 ѕвезди,€ 1.345,25 авг. 2023,6 ноќи,All inclusive,Skopje Airport,"https://www.fibula.com.mk/charter/egipet/crveno-more/hurgada/sunny-days-resort-spa-and-aquapark--10433#departure=2023-08-25&durations=6,7,8,9&productType=Flight&selectedOfferDate=2023-08-25&v=1","Sunny Days Resort, Spa & Aqua Park",4 of 5 bubbles,"1,868 reviews",https://www.tripadvisor.com/Hotel_Review-g297549-d626014-Reviews-Sunny_Days_Resort_Spa_Aqua_Park-Hurghada_Red_Sea_and_Sinai.html#REVIEWS
72,72,Labranda Royal Makadi,5 ѕвезди,€ 1.359,18 јул. 2023,6 ноќи,All inclusive,Skopje Airport,"https://www.fibula.com.mk/charter/egipet/crveno-more/makadi-bay/labranda-royal-makadi--302637#departure=2023-07-18&durations=6,7,8,9&productType=Flight&selectedOfferDate=2023-07-18&v=1",Labranda Royal Makadi,4.5 of 5 bubbles,"4,172 reviews",https://www.tripadvisor.com/Hotel_Review-g297550-d604726-Reviews-Labranda_Royal_Makadi-Makadi_Bay_Hurghada_Red_Sea_and_Sinai.html#REVIEWS
73,73,The Three Corners Ocean View,4 ѕвезди,€ 1.359,29 авг. 2023,6 ноќи,All inclusive,Skopje Airport,"https://www.fibula.com.mk/charter/egipet/crveno-more/el-gouna/the-three-corners-ocean-view--782773#departure=2023-08-29&durations=6,7,8,9&productType=Flight&selectedOfferDate=2023-08-29&v=1",Three Corners Ocean View Hotel,4.5 of 5 bubbles,"4,433 reviews",https://www.tripadvisor.com/Hotel_Review-g297548-d580711-Reviews-Three_Corners_Ocean_View_Hotel-El_Gouna_Hurghada_Red_Sea_and_Sinai.html#REVIEWS
74,74,Movenpick Resort Soma Bay,5 ѕвезди,€ 1.359,22 септ. 2023,6 ноќи,All inclusive,Skopje Airport,"https://www.fibula.com.mk/charter/egipet/crveno-more/safaga/movenpick-resort-soma-bay--971333#departure=2023-09-22&durations=6,7,8,9&productType=Flight&selectedOfferDate=2023-09-22&v=1",Movenpick Waterpark Resort & Spa Soma Bay,4.5 of 5 bubbles,"2,743 reviews",https://www.tripadvisor.com/Hotel_Review-g488095-d4409221-Reviews-Movenpick_Waterpark_Resort_Spa_Soma_Bay-Soma_Bay_Red_Sea_and_Sinai.html#REVIEWS
75,75,SUNRISE Holidays Resort - Adults Only,5 ѕвезди,€ 1.361,01 септ. 2023,6 ноќи,All inclusive,Skopje Airport,"https://www.fibula.com.mk/charter/egipet/crveno-more/hurgada/sunrise-holidays-resort-adults-only--77895#departure=2023-09-01&durations=6,7,8,9&productType=Flight&selectedOfferDate=2023-09-01&v=1",,,,
76,76,Jaz Makadi Saraya Palms,4 ѕвезди,€ 1.375,18 авг. 2023,6 ноќи,All inclusive,Skopje Airport,"https://www.fibula.com.mk/charter/egipet/crveno-more/makadi-bay/jaz-makadi-saraya-palms--592595#departure=2023-08-18&durations=6,7,8,9&productType=Flight&selectedOfferDate=2023-08-18&v=1",Jaz Makadi Saraya Palms,5 of 5 bubbles,778 reviews,https://www.tripadvisor.com/Hotel_Review-g297550-d3225264-Reviews-Jaz_Makadi_Saraya_Palms-Makadi_Bay_Hurghada_Red_Sea_and_Sinai.html#REVIEWS
77,77,Amarina Abu Soma Resort & Aquapark,5 ѕвезди,€ 1.384,15 септ. 2023,6 ноќи,All inclusive,Skopje Airport,"https://www.fibula.com.mk/charter/egipet/crveno-more/safaga/amarina-abu-soma-resort-and-aquapark--823149#departure=2023-09-15&durations=6,7,8,9&productType=Flight&selectedOfferDate=2023-09-15&v=1",Amarina Abu Soma Resort & Aquapark,4.5 of 5 bubbles,"1,245 reviews",https://www.tripadvisor.com/Hotel_Review-g488095-d16880788-Reviews-Amarina_Abu_Soma_Resort_Aquapark-Soma_Bay_Red_Sea_and_Sinai.html#REVIEWS
78,78,Jaz Makadi Oasis Resort,5 ѕвезди,€ 1.391,05 септ. 2023,6 ноќи,All inclusive,Skopje Airport,"https://www.fibula.com.mk/charter/egipet/crveno-more/makadi-bay/jaz-makadi-oasis-resort--353502#departure=2023-09-05&durations=6,7,8,9&productType=Flight&selectedOfferDate=2023-09-05&v=1",Jaz Makadi Oasis Resort,4.5 of 5 bubbles,"3,405 reviews",https://www.tripadvisor.com/Hotel_Review-g297550-d302126-Reviews-Jaz_Makadi_Oasis_Resort-Makadi_Bay_Hurghada_Red_Sea_and_Sinai.html#REVIEWS
79,79,Hurghada Marriott Beach Resort,5 ѕвезди,€ 1.396,18 јул. 2023,6 ноќи,All inclusive,Skopje Airport,"https://www.fibula.com.mk/charter/egipet/crveno-more/hurgada/hurghada-marriott-beach-resort--757939#departure=2023-07-18&durations=6,7,8,9&productType=Flight&selectedOfferDate=2023-07-18&v=1",Hurghada Marriott Beach Resort,4.5 of 5 bubbles,"3,549 reviews",https://www.tripadvisor.com/Hotel_Review-g297549-d299729-Reviews-Hurghada_Marriott_Beach_Resort-Hurghada_Red_Sea_and_Sinai.html#REVIEWS
80,80,Ancient Sands Golf Resort & Residences,"4,5 ѕвезди",€ 1.417,18 јул. 2023,6 ноќи,All inclusive,Skopje Airport,"https://www.fibula.com.mk/charter/egipet/crveno-more/el-gouna/ancient-sands-golf-resort-and-residences--808445#departure=2023-07-18&durations=6,7,8,9&productType=Flight&selectedOfferDate=2023-07-18&v=1",Ancient Sands Golf Resort El Gouna,4.5 of 5 bubbles,"1,418 reviews",https://www.tripadvisor.com/Hotel_Review-g297548-d9776600-Reviews-Ancient_Sands_Golf_Resort_El_Gouna-El_Gouna_Hurghada_Red_Sea_and_Sinai.html#REVIEWS
81,81,Sunny Days Resort - Palma De Mirette,4 ѕвезди,€ 1.418,25 јул. 2023,6 ноќи,All inclusive,Skopje Airport,"https://www.fibula.com.mk/charter/egipet/crveno-more/hurgada/sunny-days-resort-palma-de-mirette--173280#departure=2023-07-25&durations=6,7,8,9&productType=Flight&selectedOfferDate=2023-07-25&v=1",Sunny Days Mirette Family Resort & SPA,3.5 of 5 bubbles,97 reviews,https://www.tripadvisor.com/Hotel_Review-g297549-d3747920-Reviews-Sunny_Days_Mirette_Family_Resort_SPA-Hurghada_Red_Sea_and_Sinai.html#REVIEWS
82,82,Jaz Makadi Saraya Resort,5 ѕвезди,€ 1.419,01 септ. 2023,6 ноќи,All inclusive,Skopje Airport,"https://www.fibula.com.mk/charter/egipet/crveno-more/makadi-bay/jaz-makadi-saraya-resort--865106#departure=2023-09-01&durations=6,7,8,9&productType=Flight&selectedOfferDate=2023-09-01&v=1",Jaz Makadi Saraya Resort,5 of 5 bubbles,"5,308 reviews",https://www.tripadvisor.com/Hotel_Review-g297550-d302131-Reviews-Jaz_Makadi_Saraya_Resort-Makadi_Bay_Hurghada_Red_Sea_and_Sinai.html#REVIEWS
83,83,Jaz Aquamarine,5 ѕвезди,€ 1.421,22 септ. 2023,6 ноќи,All inclusive,Skopje Airport,"https://www.fibula.com.mk/charter/egipet/crveno-more/hurgada/jaz-aquamarine--344497#departure=2023-09-22&durations=6,7,8,9&productType=Flight&selectedOfferDate=2023-09-22&v=1",Jaz Aquamarine Resort,4.5 of 5 bubbles,"14,192 reviews",https://www.tripadvisor.com/Hotel_Review-g297549-d1557730-Reviews-Jaz_Aquamarine_Resort-Hurghada_Red_Sea_and_Sinai.html#REVIEWS
84,84,Hawaii Riviera Club Aqua Park,4 ѕвезди,€ 1.421,18 авг. 2023,6 ноќи,All inclusive,Skopje Airport,"https://www.fibula.com.mk/charter/egipet/crveno-more/hurgada/hawaii-riviera-club-aqua-park--1779895#departure=2023-08-18&durations=6,7,8,9&productType=Flight&selectedOfferDate=2023-08-18&v=1",Hawaii Le Jardin Aqua Resort,4 of 5 bubbles,"5,255 reviews",https://www.tripadvisor.com/Hotel_Review-g297549-d1092538-Reviews-Hawaii_Le_Jardin_Aqua_Resort-Hurghada_Red_Sea_and_Sinai.html#REVIEWS
85,85,Jaz Aquaviva,5 ѕвезди,€ 1.438,22 септ. 2023,6 ноќи,All inclusive,Skopje Airport,"https://www.fibula.com.mk/charter/egipet/crveno-more/makadi-bay/jaz-aquaviva--622583#departure=2023-09-22&durations=6,7,8,9&productType=Flight&selectedOfferDate=2023-09-22&v=1",Jaz Aquaviva,4.5 of 5 bubbles,"8,205 reviews",https://www.tripadvisor.com/Hotel_Review-g297550-d7792609-Reviews-Jaz_Aquaviva-Makadi_Bay_Hurghada_Red_Sea_and_Sinai.html#REVIEWS
86,86,Caribbean World Resort Soma Bay,5 ѕвезди,€ 1.447,15 септ. 2023,6 ноќи,All inclusive,Skopje Airport,"https://www.fibula.com.mk/charter/egipet/crveno-more/safaga/caribbean-world-resort-soma-bay--103153#departure=2023-09-15&durations=6,7,8,9&productType=Flight&selectedOfferDate=2023-09-15&v=1",Caribbean World Resorts,4.5 of 5 bubbles,"3,036 reviews",https://www.tripadvisor.com/Hotel_Review-g488095-d941424-Reviews-Caribbean_World_Resorts-Soma_Bay_Red_Sea_and_Sinai.html#REVIEWS
87,87,Novotel Marsa Alam Beach Resort,"4,5 ѕвезди",€ 1.447,15 септ. 2023,6 ноќи,All inclusive,Skopje Airport,"https://www.fibula.com.mk/charter/egipet/crveno-more/el-qoseir/novotel-marsa-alam-beach-resort--1088860#departure=2023-09-15&durations=6,7,8,9&productType=Flight&selectedOfferDate=2023-09-15&v=1",Novotel Marsa Alam Beach Resort,4.5 of 5 bubbles,"2,714 reviews",https://www.tripadvisor.com/Hotel_Review-g311425-d8542927-Reviews-Novotel_Marsa_Alam_Beach_Resort-Marsa_Alam_Red_Sea_and_Sinai.html#REVIEWS
88,88,Cleopatra Luxury Resort Makadi Bay,5 ѕвезди,€ 1.473,18 јул. 2023,6 ноќи,All inclusive,Skopje Airport,"https://www.fibula.com.mk/charter/egipet/crveno-more/makadi-bay/cleopatra-luxury-resort-makadi-bay--855106#departure=2023-07-18&durations=6,7,8,9&productType=Flight&selectedOfferDate=2023-07-18&v=1",Cleopatra Luxury Resort Makadi Bay,4.5 of 5 bubbles,"2,065 reviews",https://www.tripadvisor.com/Hotel_Review-g297550-d1591790-Reviews-Cleopatra_Luxury_Resort_Makadi_Bay-Makadi_Bay_Hurghada_Red_Sea_and_Sinai.html#REVIEWS
89,89,Beach Albatros Resort,4 ѕвезди,€ 1.475,18 јул. 2023,6 ноќи,All inclusive,Skopje Airport,"https://www.fibula.com.mk/charter/egipet/crveno-more/hurgada/beach-albatros-resort--969131#departure=2023-07-18&durations=6,7,8,9&productType=Flight&selectedOfferDate=2023-07-18&v=1",Beach Albatros Resort,4.5 of 5 bubbles,"1,865 reviews",https://www.tripadvisor.com/Hotel_Review-g297549-d557263-Reviews-Beach_Albatros_Resort-Hurghada_Red_Sea_and_Sinai.html#REVIEWS
90,90,Sheraton Soma Bay Resort,5 ѕвезди,€ 1.484,15 септ. 2023,6 ноќи,All inclusive,Skopje Airport,"https://www.fibula.com.mk/charter/egipet/crveno-more/ras-abu-soma/sheraton-soma-bay-resort--683333#departure=2023-09-15&durations=6,7,8,9&productType=Flight&selectedOfferDate=2023-09-15&v=1",Sheraton Soma Bay Resort,4.5 of 5 bubbles,"2,733 reviews",https://www.tripadvisor.com/Hotel_Review-g488095-d320529-Reviews-Sheraton_Soma_Bay_Resort-Soma_Bay_Red_Sea_and_Sinai.html#REVIEWS
91,91,Steigenberger Golf Resort,5 ѕвезди,€ 1.505,18 јул. 2023,6 ноќи,Ноќевање со појадок,Skopje Airport,"https://www.fibula.com.mk/charter/egipet/crveno-more/el-gouna/steigenberger-golf-resort--858787#departure=2023-07-18&durations=6,7,8,9&productType=Flight&selectedOfferDate=2023-07-18&v=1",Steigenberger Golf Resort,5 of 5 bubbles,82 reviews,https://www.tripadvisor.com/Hotel_Review-g297548-d464596-Reviews-Steigenberger_Golf_Resort-El_Gouna_Hurghada_Red_Sea_and_Sinai.html#REVIEWS
92,92,Hawaii Le Jardin Aqua Park Resort,4 ѕвезди,€ 1.510,18 авг. 2023,6 ноќи,All inclusive,Skopje Airport,"https://www.fibula.com.mk/charter/egipet/crveno-more/hurgada/hawaii-le-jardin-aqua-park-resort--254131#departure=2023-08-18&durations=6,7,8,9&productType=Flight&selectedOfferDate=2023-08-18&v=1",Hawaii Le Jardin Aqua Resort,4 of 5 bubbles,"5,255 reviews",https://www.tripadvisor.com/Hotel_Review-g297549-d1092538-Reviews-Hawaii_Le_Jardin_Aqua_Resort-Hurghada_Red_Sea_and_Sinai.html#REVIEWS
93,93,Sheraton Miramar Resort El Gouna,5 ѕвезди,€ 1.510,08 авг. 2023,6 ноќи,All inclusive,Skopje Airport,"https://www.fibula.com.mk/charter/egipet/crveno-more/el-gouna/sheraton-miramar-resort-el-gouna--453944#departure=2023-08-08&durations=6,7,8,9&productType=Flight&selectedOfferDate=2023-08-08&v=1",Sheraton Miramar Resort El Gouna,4.5 of 5 bubbles,"4,795 reviews",https://www.tripadvisor.com/Hotel_Review-g297548-d301832-Reviews-Sheraton_Miramar_Resort_El_Gouna-El_Gouna_Hurghada_Red_Sea_and_Sinai.html#REVIEWS
94,94,Jaz Makadi Star & Spa,5 ѕвезди,€ 1.510,22 авг. 2023,6 ноќи,All inclusive,Skopje Airport,"https://www.fibula.com.mk/charter/egipet/crveno-more/makadi-bay/jaz-makadi-star-and-spa--859447#departure=2023-08-22&durations=6,7,8,9&productType=Flight&selectedOfferDate=2023-08-22&v=1",Jaz Makadi Star & Spa,5 of 5 bubbles,"2,431 reviews",https://www.tripadvisor.com/Hotel_Review-g297550-d600103-Reviews-Jaz_Makadi_Star_Spa-Makadi_Bay_Hurghada_Red_Sea_and_Sinai.html#REVIEWS
95,95,Jaz Grand Marsa,5 ѕвезди,€ 1.524,15 септ. 2023,6 ноќи,All inclusive,Skopje Airport,"https://www.fibula.com.mk/charter/egipet/crveno-more/port-ghalib/jaz-grand-marsa--496582#departure=2023-09-15&durations=6,7,8,9&productType=Flight&selectedOfferDate=2023-09-15&v=1",Jaz Grand Marsa,4.5 of 5 bubbles,"5,121 reviews",https://www.tripadvisor.com/Hotel_Review-g311425-d1443706-Reviews-Jaz_Grand_Marsa-Marsa_Alam_Red_Sea_and_Sinai.html#REVIEWS
96,96,Aurora Oriental Resort Sharm El Sheikh,5 ѕвезди,€ 1.533,06 окт. 2023,6 ноќи,All inclusive,Skopje Airport,"https://www.fibula.com.mk/charter/egipet/sinai-peninsula/sharm-el-sheikh/aurora-oriental-resort-sharm-el-sheikh--150904#departure=2023-10-06&durations=6,7,8,9&productType=Flight&selectedOfferDate=2023-10-06&v=1",Aurora Oriental Resort Sharm El Sheikh,4.5 of 5 bubbles,"4,583 reviews",https://www.tripadvisor.com/Hotel_Review-g303855-d1221812-Reviews-Aurora_Oriental_Resort_Sharm_El_Sheikh-Nabq_Bay_Sharm_El_Sheikh_South_Sinai_Red_Sea_an.html#REVIEWS
97,97,Albatros Beach Club,4 ѕвезди,€ 1.549,15 септ. 2023,6 ноќи,All inclusive,Skopje Airport,"https://www.fibula.com.mk/charter/egipet/crveno-more/safaga/albatros-beach-club--333389#departure=2023-09-15&durations=6,7,8,9&productType=Flight&selectedOfferDate=2023-09-15&v=1",Albatros Beach Club,4 of 5 bubbles,"2,284 reviews",https://www.tripadvisor.com/Hotel_Review-g488095-d1861701-Reviews-Albatros_Beach_Club-Soma_Bay_Red_Sea_and_Sinai.html#REVIEWS
98,98,Hawaii Caesar Aqua Park,4 ѕвезди,€ 1.549,18 авг. 2023,6 ноќи,All inclusive,Skopje Airport,"https://www.fibula.com.mk/charter/egipet/crveno-more/hurgada/hawaii-caesar-aqua-park--493080#departure=2023-08-18&durations=6,7,8,9&productType=Flight&selectedOfferDate=2023-08-18&v=1",Hawaii Caesar Palace Aqua Park,3.5 of 5 bubbles,"1,707 reviews",https://www.tripadvisor.com/Hotel_Review-g297549-d7208075-Reviews-Hawaii_Caesar_Palace_Aqua_Park-Hurghada_Red_Sea_and_Sinai.html#REVIEWS
99,99,Continental Hurgada,5 ѕвезди,€ 1.549,25 јул. 2023,6 ноќи,All inclusive,Skopje Airport,"https://www.fibula.com.mk/charter/egipet/crveno-more/hurgada/continental-hurgada--832040#departure=2023-07-25&durations=6,7,8,9&productType=Flight&selectedOfferDate=2023-07-25&v=1",Continental Hotel Hurghada,4.5 of 5 bubbles,"3,044 reviews",https://www.tripadvisor.com/Hotel_Review-g297549-d299112-Reviews-Continental_Hotel_Hurghada-Hurghada_Red_Sea_and_Sinai.html#REVIEWS
100,100,Hawaii Caesar Dreams Resort & Aqua Park,5 ѕвезди,€ 1.549,18 авг. 2023,6 ноќи,All inclusive,Skopje Airport,"https://www.fibula.com.mk/charter/egipet/crveno-more/hurgada/hawaii-caesar-dreams-resort-and-aqua-park--1766513#departure=2023-08-18&durations=6,7,8,9&productType=Flight&selectedOfferDate=2023-08-18&v=1",Hawaii Caesar Palace Aqua Park,3.5 of 5 bubbles,"1,707 reviews",https://www.tripadvisor.com/Hotel_Review-g297549-d7208075-Reviews-Hawaii_Caesar_Palace_Aqua_Park-Hurghada_Red_Sea_and_Sinai.html#REVIEWS
101,101,Serenity Makadi Beach,5 ѕвезди,€ 1.561,29 авг. 2023,6 ноќи,All inclusive,Skopje Airport,"https://www.fibula.com.mk/charter/egipet/crveno-more/makadi-bay/serenity-makadi-beach--743009#departure=2023-08-29&durations=6,7,8,9&productType=Flight&selectedOfferDate=2023-08-29&v=1",Serenity Makadi Beach,4.5 of 5 bubbles,"4,467 reviews",https://www.tripadvisor.com/Hotel_Review-g297550-d940461-Reviews-Serenity_Makadi_Beach-Makadi_Bay_Hurghada_Red_Sea_and_Sinai.html#REVIEWS
102,102,Serenity Fun City,5 ѕвезди,€ 1.561,15 септ. 2023,6 ноќи,All inclusive,Skopje Airport,"https://www.fibula.com.mk/charter/egipet/crveno-more/makadi-bay/serenity-fun-city--1614530#departure=2023-09-15&durations=6,7,8,9&productType=Flight&selectedOfferDate=2023-09-15&v=1",Serenity Fun City,4.5 of 5 bubbles,"3,743 reviews",https://www.tripadvisor.com/Hotel_Review-g297550-d3248172-Reviews-Serenity_Fun_City-Makadi_Bay_Hurghada_Red_Sea_and_Sinai.html#REVIEWS
103,103,Jaz Makadina,5 ѕвезди,€ 1.565,08 авг. 2023,6 ноќи,All inclusive,Skopje Airport,"https://www.fibula.com.mk/charter/egipet/crveno-more/makadi-bay/jaz-makadina--496980#departure=2023-08-08&durations=6,7,8,9&productType=Flight&selectedOfferDate=2023-08-08&v=1",Jaz Makadina,5 of 5 bubbles,"2,746 reviews",https://www.tripadvisor.com/Hotel_Review-g297550-d302123-Reviews-Jaz_Makadina-Makadi_Bay_Hurghada_Red_Sea_and_Sinai.html#REVIEWS
104,104,Swiss In Resort (ex Hilton Hurghada Resort),5 ѕвезди,€ 1.575,15 септ. 2023,6 ноќи,Полупансион,Skopje Airport,"https://www.fibula.com.mk/charter/egipet/crveno-more/hurgada/swiss-in-resort-ex-hilton-hurghada-resort--439487#departure=2023-09-15&durations=6,7,8,9&productType=Flight&selectedOfferDate=2023-09-15&v=1",La Casa Hilton Hurghada Resort,3.5 of 5 bubbles,34 reviews,https://www.tripadvisor.com/Restaurant_Review-g297549-d2007569-Reviews-La_Casa_Hilton_Hurghada_Resort-Hurghada_Red_Sea_and_Sinai.html#REVIEWS
105,105,Jaz Lamaya Resort,5 ѕвезди,€ 1.591,01 септ. 2023,6 ноќи,All inclusive,Skopje Airport,"https://www.fibula.com.mk/charter/egipet/crveno-more/port-ghalib/jaz-lamaya-resort--927118#departure=2023-09-01&durations=6,7,8,9&productType=Flight&selectedOfferDate=2023-09-01&v=1",Jaz Aquamarine Resort,4.5 of 5 bubbles,"14,196 reviews",https://www.tripadvisor.com/Hotel_Review-g297549-d1557730-Reviews-Jaz_Aquamarine_Resort-Hurghada_Red_Sea_and_Sinai.html#REVIEWS
106,106,Albatros Aqua Blue Resort,"3,5 ѕвезди",€ 1.602,15 септ. 2023,6 ноќи,All inclusive,Skopje Airport,"https://www.fibula.com.mk/charter/egipet/crveno-more/hurgada/albatros-aqua-blue-resort--530105#departure=2023-09-15&durations=6,7,8,9&productType=Flight&selectedOfferDate=2023-09-15&v=1",Albatros Aqua Park Resort,4.5 of 5 bubbles,"2,593 reviews",https://www.tripadvisor.com/Hotel_Review-g297549-d1588273-Reviews-Albatros_Aqua_Park_Resort-Hurghada_Red_Sea_and_Sinai.html#REVIEWS
107,107,Albatros Aqua Park Resort,4 ѕвезди,€ 1.602,15 септ. 2023,6 ноќи,All inclusive,Skopje Airport,"https://www.fibula.com.mk/charter/egipet/crveno-more/hurgada/albatros-aqua-park-resort--757506#departure=2023-09-15&durations=6,7,8,9&productType=Flight&selectedOfferDate=2023-09-15&v=1",Albatros Aqua Park Resort,4.5 of 5 bubbles,"2,593 reviews",https://www.tripadvisor.com/Hotel_Review-g297549-d1588273-Reviews-Albatros_Aqua_Park_Resort-Hurghada_Red_Sea_and_Sinai.html#REVIEWS
108,108,Pickalbatros Aqua Vista Resort - Hurghada,4 ѕвезди,€ 1.602,15 септ. 2023,6 ноќи,All inclusive,Skopje Airport,"https://www.fibula.com.mk/charter/egipet/crveno-more/hurgada/pickalbatros-aqua-vista-resort-hurghada--766897#departure=2023-09-15&durations=6,7,8,9&productType=Flight&selectedOfferDate=2023-09-15&v=1",Pickalbatros Aqua Vista Resort,4.5 of 5 bubbles,"2,206 reviews",https://www.tripadvisor.com/Hotel_Review-g297549-d940050-Reviews-Pickalbatros_Aqua_Vista_Resort-Hurghada_Red_Sea_and_Sinai.html#REVIEWS
109,109,Ali Baba Palace,4 ѕвезди,€ 1.612,15 септ. 2023,6 ноќи,All inclusive,Skopje Airport,"https://www.fibula.com.mk/charter/egipet/crveno-more/hurgada/ali-baba-palace--253450#departure=2023-09-15&durations=6,7,8,9&productType=Flight&selectedOfferDate=2023-09-15&v=1",Ali Baba Palace,4 of 5 bubbles,"1,641 reviews",https://www.tripadvisor.com/Hotel_Review-g297549-d316673-Reviews-Ali_Baba_Palace-Hurghada_Red_Sea_and_Sinai.html#REVIEWS
110,110,Bellagio Beach Resort & Spa,5 ѕвезди,€ 1.626,18 јул. 2023,6 ноќи,All inclusive,Skopje Airport,"https://www.fibula.com.mk/charter/egipet/crveno-more/hurgada/bellagio-beach-resort-and-spa--719331#departure=2023-07-18&durations=6,7,8,9&productType=Flight&selectedOfferDate=2023-07-18&v=1",Bellagio Beach Resort & Spa,4.5 of 5 bubbles,"3,344 reviews",https://www.tripadvisor.com/Hotel_Review-g297549-d1065229-Reviews-Bellagio_Beach_Resort_Spa-Hurghada_Red_Sea_and_Sinai.html#REVIEWS
111,111,Mövenpick Resort El Quseir,4 ѕвезди,€ 1.626,18 јул. 2023,6 ноќи,Полупансион плус,Skopje Airport,"https://www.fibula.com.mk/charter/egipet/crveno-more/el-qoseir/movenpick-resort-el-quseir--803617#departure=2023-07-18&durations=6,7,8,9&productType=Flight&selectedOfferDate=2023-07-18&v=1",Movenpick Resort & Spa El Gouna,4.5 of 5 bubbles,"5,045 reviews",https://www.tripadvisor.com/Hotel_Review-g297548-d607471-Reviews-Movenpick_Resort_Spa_El_Gouna-El_Gouna_Hurghada_Red_Sea_and_Sinai.html#REVIEWS
112,112,Sunrise Grand Select Crystal Bay Resort,5 ѕвезди,€ 1.640,15 септ. 2023,6 ноќи,All inclusive,Skopje Airport,"https://www.fibula.com.mk/charter/egipet/crveno-more/hurgada/sunrise-grand-select-crystal-bay-resort--814521#departure=2023-09-15&durations=6,7,8,9&productType=Flight&selectedOfferDate=2023-09-15&v=1",SUNRISE Tucana Resort -Grand Select-,4.5 of 5 bubbles,205 reviews,https://www.tripadvisor.com/Hotel_Review-g297550-d23432675-Reviews-SUNRISE_Tucana_Resort_Grand_Select-Makadi_Bay_Hurghada_Red_Sea_and_Sinai.html#REVIEWS
113,113,Steigenberger Coraya Beach,5 ѕвезди,€ 1.642,01 септ. 2023,6 ноќи,Полупансион,Skopje Airport,"https://www.fibula.com.mk/charter/egipet/crveno-more/port-ghalib/steigenberger-coraya-beach--153087#departure=2023-09-01&durations=6,7,8,9&productType=Flight&selectedOfferDate=2023-09-01&v=1",Steigenberger Coraya Beach,5 of 5 bubbles,"6,909 reviews",https://www.tripadvisor.com/Hotel_Review-g311425-d302140-Reviews-Steigenberger_Coraya_Beach-Marsa_Alam_Red_Sea_and_Sinai.html#REVIEWS
114,114,Albatros Alf Leila Wa Leila Hotel,"3,5 ѕвезди",€ 1.647,15 септ. 2023,6 ноќи,All inclusive,Skopje Airport,"https://www.fibula.com.mk/charter/egipet/crveno-more/safaga/albatros-alf-leila-wa-leila-hotel--479778#departure=2023-09-15&durations=6,7,8,9&productType=Flight&selectedOfferDate=2023-09-15&v=1",Alf Leila Wa Leila,4.5 of 5 bubbles,"2,764 reviews",https://www.tripadvisor.com/Hotel_Review-g297549-d557196-Reviews-Alf_Leila_Wa_Leila-Hurghada_Red_Sea_and_Sinai.html#REVIEWS
115,115,Sentido Mamlouk Palace Resort & Spa Hurghada,5 ѕвезди,€ 1.653,28 јул. 2023,6 ноќи,All inclusive,Skopje Airport,"https://www.fibula.com.mk/charter/egipet/crveno-more/hurgada/sentido-mamlouk-palace-resort-and-spa-hurghada--317667#departure=2023-07-28&durations=6,7,8,9&productType=Flight&selectedOfferDate=2023-07-28&v=1",SUNRISE Mamlouk Palace Resort,4.5 of 5 bubbles,"10,629 reviews",https://www.tripadvisor.com/Hotel_Review-g297549-d739159-Reviews-SUNRISE_Mamlouk_Palace_Resort-Hurghada_Red_Sea_and_Sinai.html#REVIEWS
116,116,Pickalbatros Sea World Resort - Marsa Alam,4 ѕвезди,€ 1.658,15 септ. 2023,6 ноќи,All inclusive,Skopje Airport,"https://www.fibula.com.mk/charter/egipet/crveno-more/el-qoseir/pickalbatros-sea-world-resort-marsa-alam--350700#departure=2023-09-15&durations=6,7,8,9&productType=Flight&selectedOfferDate=2023-09-15&v=1",Pickalbatros Sea World Resort - Marsa Alam,4.5 of 5 bubbles,"2,943 reviews",https://www.tripadvisor.com/Hotel_Review-g488096-d1184475-Reviews-Pickalbatros_Sea_World_Resort_Marsa_Alam-El_Quseir_Marsa_Alam_Red_Sea_and_Sinai.html#REVIEWS
117,117,Panorama Bungalows Resort El Gouna,"3,5 ѕвезди",€ 1.658,15 авг. 2023,6 ноќи,All inclusive,Skopje Airport,"https://www.fibula.com.mk/charter/egipet/crveno-more/el-gouna/panorama-bungalows-resort-el-gouna--475227#departure=2023-08-15&durations=6,7,8,9&productType=Flight&selectedOfferDate=2023-08-15&v=1",Panorama Bungalows Resort El Gouna,4 of 5 bubbles,"1,443 reviews",https://www.tripadvisor.com/Hotel_Review-g297548-d830207-Reviews-Panorama_Bungalows_Resort_El_Gouna-El_Gouna_Hurghada_Red_Sea_and_Sinai.html#REVIEWS
118,118,Tropitel Sahl Hasheesh,5 ѕвезди,€ 1.658,15 септ. 2023,6 ноќи,All inclusive plus/ultra,Skopje Airport,"https://www.fibula.com.mk/charter/egipet/crveno-more/sahl-hasheesh/tropitel-sahl-hasheesh--683803#departure=2023-09-15&durations=6,7,8,9&productType=Flight&selectedOfferDate=2023-09-15&v=1",Tropitel Sahl Hasheesh,4.5 of 5 bubbles,"8,327 reviews",https://www.tripadvisor.com/Hotel_Review-g15516847-d2386354-Reviews-Tropitel_Sahl_Hasheesh-Sahl_Hasheesh_Hurghada_Red_Sea_and_Sinai.html#REVIEWS
119,119,Jaz Casa Del Mar Beach,5 ѕвезди,€ 1.672,22 септ. 2023,6 ноќи,All inclusive plus/ultra,Skopje Airport,"https://www.fibula.com.mk/charter/egipet/crveno-more/hurgada/jaz-casa-del-mar-beach--140025#departure=2023-09-22&durations=6,7,8,9&productType=Flight&selectedOfferDate=2023-09-22&v=1",Jaz Casa Del Mar Beach,5 of 5 bubbles,929 reviews,https://www.tripadvisor.com/Hotel_Review-g297549-d23263857-Reviews-Jaz_Casa_Del_Mar_Beach-Hurghada_Red_Sea_and_Sinai.html#REVIEWS
120,120,Meraki Resort Hurghada - Adults only,4 ѕвезди,€ 1.672,01 септ. 2023,6 ноќи,All inclusive,Skopje Airport,"https://www.fibula.com.mk/charter/egipet/crveno-more/hurgada/meraki-resort-hurghada-adults-only--269474#departure=2023-09-01&durations=6,7,8,9&productType=Flight&selectedOfferDate=2023-09-01&v=1",Meraki Resort (Adults Only),4.5 of 5 bubbles,"3,671 reviews",https://www.tripadvisor.com/Hotel_Review-g297549-d15023581-Reviews-Meraki_Resort_Adults_Only-Hurghada_Red_Sea_and_Sinai.html#REVIEWS
